{"cameraMode":{"drawMode":0,"name":"Shaded","section":"Shading Mode"},"sceneLighting":false,"audioPlay":false,"sceneViewState":{"showFog":true,"showMaterialUpdate":false,"showSkybox":true,"showFlares":true,"showImageEffects":true,"showParticleSystems":true},"in2DMode":false,"pivot":{"x":0.010129650123417378,"y":-0.11463296413421631,"z":-0.01682916283607483},"rotation":{"x":-0.7045670747756958,"y":-0.000640718440990895,"z":0.0006361684063449502,"w":-0.7096368670463562},"size":1.153818130493164,"orthographic":false}