{"cameraMode":{"drawMode":0,"name":"Shaded","section":"Shading Mode"},"sceneLighting":false,"audioPlay":false,"sceneViewState":{"showFog":true,"showMaterialUpdate":false,"showSkybox":true,"showFlares":true,"showImageEffects":true,"showParticleSystems":true},"in2DMode":false,"pivot":{"x":0.10997425019741059,"y":-0.7759292721748352,"z":0.7175272703170776},"rotation":{"x":-0.4039309322834015,"y":-0.0008260702597908676,"z":0.0003647315897978842,"w":-0.9147890210151672},"size":2.353817939758301,"orthographic":false}